{"cameraMode":{"drawMode":0,"name":"Shaded","section":"Shading Mode"},"sceneLighting":true,"audioPlay":false,"sceneViewState":{"showFog":true,"showMaterialUpdate":false,"showSkybox":true,"showFlares":true,"showImageEffects":true,"showParticleSystems":true},"in2DMode":false,"pivot":{"x":3.453010082244873,"y":-3.799852132797241,"z":2.1050972938537599},"rotation":{"x":0.33890867233276369,"y":0.5308964252471924,"z":-0.24400220811367036,"w":0.7374014854431152},"size":5.59598445892334,"orthographic":false}