{"cameraMode":{"drawMode":0,"name":"Shaded","section":"Shading Mode"},"sceneLighting":false,"audioPlay":false,"sceneViewState":{"showFog":true,"showMaterialUpdate":false,"showSkybox":true,"showFlares":true,"showImageEffects":true,"showParticleSystems":true},"in2DMode":false,"pivot":{"x":0.0034366846084594728,"y":1.1135046482086182,"z":6.570000171661377},"rotation":{"x":0.17793601751327516,"y":-0.0737278163433075,"z":0.013371075503528118,"w":0.9811879396438599},"size":1.7475838661193848,"orthographic":false}