{"cameraMode":{"drawMode":0,"name":"Shaded","section":"Shading Mode"},"sceneLighting":false,"audioPlay":false,"sceneViewState":{"showFog":true,"showMaterialUpdate":false,"showSkybox":true,"showFlares":true,"showImageEffects":true,"showParticleSystems":true},"in2DMode":false,"pivot":{"x":-0.7426776885986328,"y":1.2001214027404786,"z":7.473222732543945},"rotation":{"x":0.00544864172115922,"y":-0.9838576316833496,"z":0.030408814549446107,"w":0.1762845665216446},"size":1.7475838661193848,"orthographic":false}